-- phpMyAdmin SQL Dump
-- version 4.9.0.1
-- https://www.phpmyadmin.net/
--
-- Host: sql309.byetcluster.com
-- Generation Time: Feb 13, 2024 at 06:58 PM
-- Server version: 10.4.17-MariaDB
-- PHP Version: 7.2.22

SET SQL_MODE = "NO_AUTO_VALUE_ON_ZERO";
SET AUTOCOMMIT = 0;
START TRANSACTION;
SET time_zone = "+00:00";


/*!40101 SET @OLD_CHARACTER_SET_CLIENT=@@CHARACTER_SET_CLIENT */;
/*!40101 SET @OLD_CHARACTER_SET_RESULTS=@@CHARACTER_SET_RESULTS */;
/*!40101 SET @OLD_COLLATION_CONNECTION=@@COLLATION_CONNECTION */;
/*!40101 SET NAMES utf8mb4 */;

--
-- Database: `thsi_35476698_evaluation`
--

-- --------------------------------------------------------

--
-- Table structure for table `ballot`
--

CREATE TABLE `ballot` (
  `id` int(11) NOT NULL,
  `evaluationID` int(11) NOT NULL,
  `facultyID` int(11) NOT NULL,
  `studentID` varchar(60) NOT NULL,
  `courseID` int(11) NOT NULL,
  `catID` int(11) NOT NULL,
  `questionID` int(11) NOT NULL,
  `subID` int(11) NOT NULL,
  `rating` tinyint(4) NOT NULL,
  `status` tinyint(4) NOT NULL DEFAULT 1
) ENGINE=MyISAM DEFAULT CHARSET=latin1;

--
-- Dumping data for table `ballot`
--

INSERT INTO `ballot` (`id`, `evaluationID`, `facultyID`, `studentID`, `courseID`, `catID`, `questionID`, `subID`, `rating`, `status`) VALUES
(1, 3, 84, '2020-00234', 1, 1, 1, 33, 5, 1),
(2, 3, 84, '2020-00234', 1, 2, 7, 33, 4, 1),
(3, 3, 84, '2020-00234', 1, 3, 12, 33, 4, 1),
(4, 3, 84, '2020-00234', 1, 4, 17, 33, 3, 1),
(5, 3, 84, '2020-00234', 1, 1, 2, 33, 5, 1),
(6, 3, 84, '2020-00234', 1, 2, 8, 33, 4, 1),
(7, 3, 84, '2020-00234', 1, 3, 13, 33, 3, 1),
(8, 3, 84, '2020-00234', 1, 4, 18, 33, 3, 1),
(9, 3, 84, '2020-00234', 1, 1, 3, 33, 4, 1),
(10, 3, 84, '2020-00234', 1, 2, 9, 33, 4, 1),
(11, 3, 84, '2020-00234', 1, 3, 14, 33, 4, 1),
(12, 3, 84, '2020-00234', 1, 4, 19, 33, 3, 1),
(13, 3, 84, '2020-00234', 1, 1, 5, 33, 4, 1),
(14, 3, 84, '2020-00234', 1, 2, 10, 33, 3, 1),
(15, 3, 84, '2020-00234', 1, 3, 15, 33, 3, 1),
(16, 3, 84, '2020-00234', 1, 4, 20, 33, 3, 1),
(17, 3, 84, '2020-00234', 1, 1, 6, 33, 4, 1),
(18, 3, 84, '2020-00234', 1, 2, 11, 33, 4, 1),
(19, 3, 84, '2020-00234', 1, 3, 16, 33, 4, 1),
(20, 3, 84, '2020-00234', 1, 4, 21, 33, 4, 1),
(257, 3, 84, '2020-00237', 1, 1, 6, 12, 5, 1),
(258, 3, 84, '2020-00237', 1, 2, 11, 12, 5, 1),
(259, 3, 84, '2020-00237', 1, 3, 16, 12, 5, 1),
(260, 3, 84, '2020-00237', 1, 4, 21, 12, 5, 1),
(261, 3, 84, '2020-00237', 1, 1, 1, 33, 5, 1),
(262, 3, 84, '2020-00237', 1, 2, 7, 33, 5, 1),
(263, 3, 84, '2020-00237', 1, 3, 12, 33, 5, 1),
(264, 3, 84, '2020-00237', 1, 4, 17, 33, 5, 1),
(265, 3, 84, '2020-00237', 1, 1, 2, 33, 5, 1),
(266, 3, 84, '2020-00237', 1, 2, 8, 33, 5, 1),
(267, 3, 84, '2020-00237', 1, 3, 13, 33, 5, 1),
(268, 3, 84, '2020-00237', 1, 4, 18, 33, 5, 1),
(269, 3, 84, '2020-00237', 1, 1, 3, 33, 5, 1),
(270, 3, 84, '2020-00237', 1, 2, 9, 33, 5, 1),
(271, 3, 84, '2020-00237', 1, 3, 14, 33, 5, 1),
(41, 3, 44, '2020-00001', 1, 1, 1, 32, 5, 1),
(42, 3, 44, '2020-00001', 1, 2, 7, 32, 5, 1),
(43, 3, 44, '2020-00001', 1, 3, 12, 32, 5, 1),
(44, 3, 44, '2020-00001', 1, 4, 17, 32, 5, 1),
(45, 3, 44, '2020-00001', 1, 1, 2, 32, 5, 1),
(46, 3, 44, '2020-00001', 1, 2, 8, 32, 5, 1),
(47, 3, 44, '2020-00001', 1, 3, 13, 32, 5, 1),
(48, 3, 44, '2020-00001', 1, 4, 18, 32, 5, 1),
(49, 3, 44, '2020-00001', 1, 1, 3, 32, 5, 1),
(50, 3, 44, '2020-00001', 1, 2, 9, 32, 5, 1),
(51, 3, 44, '2020-00001', 1, 3, 14, 32, 5, 1),
(52, 3, 44, '2020-00001', 1, 4, 19, 32, 5, 1),
(53, 3, 44, '2020-00001', 1, 1, 5, 32, 5, 1),
(54, 3, 44, '2020-00001', 1, 2, 10, 32, 5, 1),
(55, 3, 44, '2020-00001', 1, 3, 15, 32, 5, 1),
(56, 3, 44, '2020-00001', 1, 4, 20, 32, 5, 1),
(57, 3, 44, '2020-00001', 1, 1, 6, 32, 5, 1),
(58, 3, 44, '2020-00001', 1, 2, 11, 32, 5, 1),
(59, 3, 44, '2020-00001', 1, 3, 16, 32, 5, 1),
(60, 3, 44, '2020-00001', 1, 4, 21, 32, 5, 1),
(61, 3, 84, '2020-00001', 1, 1, 1, 33, 4, 1),
(62, 3, 84, '2020-00001', 1, 2, 7, 33, 4, 1),
(63, 3, 84, '2020-00001', 1, 3, 12, 33, 4, 1),
(64, 3, 84, '2020-00001', 1, 4, 17, 33, 4, 1),
(65, 3, 84, '2020-00001', 1, 1, 2, 33, 4, 1),
(66, 3, 84, '2020-00001', 1, 2, 8, 33, 4, 1),
(67, 3, 84, '2020-00001', 1, 3, 13, 33, 4, 1),
(68, 3, 84, '2020-00001', 1, 4, 18, 33, 4, 1),
(69, 3, 84, '2020-00001', 1, 1, 3, 33, 4, 1),
(70, 3, 84, '2020-00001', 1, 2, 9, 33, 4, 1),
(71, 3, 84, '2020-00001', 1, 3, 14, 33, 4, 1),
(72, 3, 84, '2020-00001', 1, 4, 19, 33, 4, 1),
(73, 3, 84, '2020-00001', 1, 1, 5, 33, 4, 1),
(74, 3, 84, '2020-00001', 1, 2, 10, 33, 4, 1),
(75, 3, 84, '2020-00001', 1, 3, 15, 33, 4, 1),
(76, 3, 84, '2020-00001', 1, 4, 20, 33, 4, 1),
(77, 3, 84, '2020-00001', 1, 1, 6, 33, 4, 1),
(78, 3, 84, '2020-00001', 1, 2, 11, 33, 4, 1),
(79, 3, 84, '2020-00001', 1, 3, 16, 33, 4, 1),
(80, 3, 84, '2020-00001', 1, 4, 21, 33, 4, 1),
(160, 3, 84, '2020-00543', 1, 4, 21, 33, 5, 1),
(159, 3, 84, '2020-00543', 1, 3, 16, 33, 5, 1),
(158, 3, 84, '2020-00543', 1, 2, 11, 33, 5, 1),
(157, 3, 84, '2020-00543', 1, 1, 6, 33, 5, 1),
(156, 3, 84, '2020-00543', 1, 4, 20, 33, 5, 1),
(155, 3, 84, '2020-00543', 1, 3, 15, 33, 5, 1),
(154, 3, 84, '2020-00543', 1, 2, 10, 33, 5, 1),
(153, 3, 84, '2020-00543', 1, 1, 5, 33, 5, 1),
(152, 3, 84, '2020-00543', 1, 4, 19, 33, 5, 1),
(151, 3, 84, '2020-00543', 1, 3, 14, 33, 5, 1),
(150, 3, 84, '2020-00543', 1, 2, 9, 33, 5, 1),
(149, 3, 84, '2020-00543', 1, 1, 3, 33, 5, 1),
(148, 3, 84, '2020-00543', 1, 4, 18, 33, 5, 1),
(147, 3, 84, '2020-00543', 1, 3, 13, 33, 5, 1),
(146, 3, 84, '2020-00543', 1, 2, 8, 33, 5, 1),
(145, 3, 84, '2020-00543', 1, 1, 2, 33, 5, 1),
(144, 3, 84, '2020-00543', 1, 4, 17, 33, 5, 1),
(143, 3, 84, '2020-00543', 1, 3, 12, 33, 5, 1),
(142, 3, 84, '2020-00543', 1, 2, 7, 33, 5, 1),
(141, 3, 84, '2020-00543', 1, 1, 1, 33, 5, 1),
(280, 3, 84, '2020-00237', 1, 4, 21, 33, 5, 1),
(279, 3, 84, '2020-00237', 1, 3, 16, 33, 5, 1),
(278, 3, 84, '2020-00237', 1, 2, 11, 33, 5, 1),
(277, 3, 84, '2020-00237', 1, 1, 6, 33, 5, 1),
(276, 3, 84, '2020-00237', 1, 4, 20, 33, 5, 1),
(275, 3, 84, '2020-00237', 1, 3, 15, 33, 5, 1),
(274, 3, 84, '2020-00237', 1, 2, 10, 33, 5, 1),
(273, 3, 84, '2020-00237', 1, 1, 5, 33, 5, 1),
(272, 3, 84, '2020-00237', 1, 4, 19, 33, 5, 1),
(255, 3, 84, '2020-00237', 1, 3, 15, 12, 5, 1),
(256, 3, 84, '2020-00237', 1, 4, 20, 12, 5, 1),
(243, 3, 84, '2020-00237', 1, 3, 12, 12, 5, 1),
(244, 3, 84, '2020-00237', 1, 4, 17, 12, 5, 1),
(245, 3, 84, '2020-00237', 1, 1, 2, 12, 5, 1),
(246, 3, 84, '2020-00237', 1, 2, 8, 12, 5, 1),
(247, 3, 84, '2020-00237', 1, 3, 13, 12, 5, 1),
(248, 3, 84, '2020-00237', 1, 4, 18, 12, 5, 1),
(249, 3, 84, '2020-00237', 1, 1, 3, 12, 5, 1),
(250, 3, 84, '2020-00237', 1, 2, 9, 12, 5, 1),
(251, 3, 84, '2020-00237', 1, 3, 14, 12, 5, 1),
(252, 3, 84, '2020-00237', 1, 4, 19, 12, 5, 1),
(253, 3, 84, '2020-00237', 1, 1, 5, 12, 5, 1),
(254, 3, 84, '2020-00237', 1, 2, 10, 12, 5, 1),
(241, 3, 84, '2020-00237', 1, 1, 1, 12, 5, 1),
(242, 3, 84, '2020-00237', 1, 2, 7, 12, 5, 1),
(281, 3, 70, '2020-00237', 1, 1, 1, 32, 5, 1),
(282, 3, 70, '2020-00237', 1, 2, 7, 32, 5, 1),
(283, 3, 70, '2020-00237', 1, 3, 12, 32, 3, 1),
(284, 3, 70, '2020-00237', 1, 4, 17, 32, 4, 1),
(285, 3, 70, '2020-00237', 1, 1, 2, 32, 5, 1),
(286, 3, 70, '2020-00237', 1, 2, 8, 32, 5, 1),
(287, 3, 70, '2020-00237', 1, 3, 13, 32, 2, 1),
(288, 3, 70, '2020-00237', 1, 4, 18, 32, 3, 1),
(289, 3, 70, '2020-00237', 1, 1, 3, 32, 5, 1),
(290, 3, 70, '2020-00237', 1, 2, 9, 32, 3, 1),
(291, 3, 70, '2020-00237', 1, 3, 14, 32, 2, 1),
(292, 3, 70, '2020-00237', 1, 4, 19, 32, 5, 1),
(293, 3, 70, '2020-00237', 1, 1, 5, 32, 5, 1),
(294, 3, 70, '2020-00237', 1, 2, 10, 32, 3, 1),
(295, 3, 70, '2020-00237', 1, 3, 15, 32, 3, 1),
(296, 3, 70, '2020-00237', 1, 4, 20, 32, 5, 1),
(297, 3, 70, '2020-00237', 1, 1, 6, 32, 5, 1),
(298, 3, 70, '2020-00237', 1, 2, 11, 32, 4, 1),
(299, 3, 70, '2020-00237', 1, 3, 16, 32, 4, 1),
(300, 3, 70, '2020-00237', 1, 4, 21, 32, 4, 1),
(301, 3, 70, '2020-00237', 1, 1, 1, 31, 4, 1),
(302, 3, 70, '2020-00237', 1, 2, 7, 31, 4, 1),
(303, 3, 70, '2020-00237', 1, 3, 12, 31, 4, 1),
(304, 3, 70, '2020-00237', 1, 4, 17, 31, 4, 1),
(305, 3, 70, '2020-00237', 1, 1, 2, 31, 4, 1),
(306, 3, 70, '2020-00237', 1, 2, 8, 31, 4, 1),
(307, 3, 70, '2020-00237', 1, 3, 13, 31, 4, 1),
(308, 3, 70, '2020-00237', 1, 4, 18, 31, 4, 1),
(309, 3, 70, '2020-00237', 1, 1, 3, 31, 5, 1),
(310, 3, 70, '2020-00237', 1, 2, 9, 31, 4, 1),
(311, 3, 70, '2020-00237', 1, 3, 14, 31, 4, 1),
(312, 3, 70, '2020-00237', 1, 4, 19, 31, 4, 1),
(313, 3, 70, '2020-00237', 1, 1, 5, 31, 4, 1),
(314, 3, 70, '2020-00237', 1, 2, 10, 31, 4, 1),
(315, 3, 70, '2020-00237', 1, 3, 15, 31, 4, 1),
(316, 3, 70, '2020-00237', 1, 4, 20, 31, 4, 1),
(317, 3, 70, '2020-00237', 1, 1, 6, 31, 4, 1),
(318, 3, 70, '2020-00237', 1, 2, 11, 31, 4, 1),
(319, 3, 70, '2020-00237', 1, 3, 16, 31, 4, 1),
(320, 3, 70, '2020-00237', 1, 4, 21, 31, 4, 1),
(321, 3, 70, '2020-00237', 1, 1, 1, 7, 5, 1),
(322, 3, 70, '2020-00237', 1, 2, 7, 7, 5, 1),
(323, 3, 70, '2020-00237', 1, 3, 12, 7, 5, 1),
(324, 3, 70, '2020-00237', 1, 4, 17, 7, 5, 1),
(325, 3, 70, '2020-00237', 1, 1, 2, 7, 5, 1),
(326, 3, 70, '2020-00237', 1, 2, 8, 7, 5, 1),
(327, 3, 70, '2020-00237', 1, 3, 13, 7, 5, 1),
(328, 3, 70, '2020-00237', 1, 4, 18, 7, 5, 1),
(329, 3, 70, '2020-00237', 1, 1, 3, 7, 5, 1),
(330, 3, 70, '2020-00237', 1, 2, 9, 7, 5, 1),
(331, 3, 70, '2020-00237', 1, 3, 14, 7, 5, 1),
(332, 3, 70, '2020-00237', 1, 4, 19, 7, 5, 1),
(333, 3, 70, '2020-00237', 1, 1, 5, 7, 5, 1),
(334, 3, 70, '2020-00237', 1, 2, 10, 7, 5, 1),
(335, 3, 70, '2020-00237', 1, 3, 15, 7, 5, 1),
(336, 3, 70, '2020-00237', 1, 4, 20, 7, 5, 1),
(337, 3, 70, '2020-00237', 1, 1, 6, 7, 5, 1),
(338, 3, 70, '2020-00237', 1, 2, 11, 7, 5, 1),
(339, 3, 70, '2020-00237', 1, 3, 16, 7, 5, 1),
(340, 3, 70, '2020-00237', 1, 4, 21, 7, 5, 1),
(341, 3, 24, '2020-00237', 1, 1, 1, 31, 4, 1),
(342, 3, 24, '2020-00237', 1, 2, 7, 31, 4, 1),
(343, 3, 24, '2020-00237', 1, 3, 12, 31, 4, 1),
(344, 3, 24, '2020-00237', 1, 4, 17, 31, 4, 1),
(345, 3, 24, '2020-00237', 1, 1, 2, 31, 4, 1),
(346, 3, 24, '2020-00237', 1, 2, 8, 31, 4, 1),
(347, 3, 24, '2020-00237', 1, 3, 13, 31, 4, 1),
(348, 3, 24, '2020-00237', 1, 4, 18, 31, 4, 1),
(349, 3, 24, '2020-00237', 1, 1, 3, 31, 4, 1),
(350, 3, 24, '2020-00237', 1, 2, 9, 31, 4, 1),
(351, 3, 24, '2020-00237', 1, 3, 14, 31, 4, 1),
(352, 3, 24, '2020-00237', 1, 4, 19, 31, 4, 1),
(353, 3, 24, '2020-00237', 1, 1, 5, 31, 4, 1),
(354, 3, 24, '2020-00237', 1, 2, 10, 31, 4, 1),
(355, 3, 24, '2020-00237', 1, 3, 15, 31, 4, 1),
(356, 3, 24, '2020-00237', 1, 4, 20, 31, 4, 1),
(357, 3, 24, '2020-00237', 1, 1, 6, 31, 4, 1),
(358, 3, 24, '2020-00237', 1, 2, 11, 31, 4, 1),
(359, 3, 24, '2020-00237', 1, 3, 16, 31, 4, 1),
(360, 3, 24, '2020-00237', 1, 4, 21, 31, 4, 1),
(361, 3, 76, '2020-00092', 1, 1, 1, 13, 4, 1),
(362, 3, 76, '2020-00092', 1, 2, 7, 13, 4, 1),
(363, 3, 76, '2020-00092', 1, 3, 12, 13, 4, 1),
(364, 3, 76, '2020-00092', 1, 4, 17, 13, 5, 1),
(365, 3, 76, '2020-00092', 1, 1, 2, 13, 4, 1),
(366, 3, 76, '2020-00092', 1, 2, 8, 13, 4, 1),
(367, 3, 76, '2020-00092', 1, 3, 13, 13, 4, 1),
(368, 3, 76, '2020-00092', 1, 4, 18, 13, 5, 1),
(369, 3, 76, '2020-00092', 1, 1, 3, 13, 4, 1),
(370, 3, 76, '2020-00092', 1, 2, 9, 13, 4, 1),
(371, 3, 76, '2020-00092', 1, 3, 14, 13, 4, 1),
(372, 3, 76, '2020-00092', 1, 4, 19, 13, 5, 1),
(373, 3, 76, '2020-00092', 1, 1, 5, 13, 4, 1),
(374, 3, 76, '2020-00092', 1, 2, 10, 13, 4, 1),
(375, 3, 76, '2020-00092', 1, 3, 15, 13, 4, 1),
(376, 3, 76, '2020-00092', 1, 4, 20, 13, 5, 1),
(377, 3, 76, '2020-00092', 1, 1, 6, 13, 4, 1),
(378, 3, 76, '2020-00092', 1, 2, 11, 13, 4, 1),
(379, 3, 76, '2020-00092', 1, 3, 16, 13, 4, 1),
(380, 3, 76, '2020-00092', 1, 4, 21, 13, 5, 1),
(381, 3, 76, '2020-00001', 1, 1, 1, 13, 4, 1),
(382, 3, 76, '2020-00001', 1, 2, 7, 13, 4, 1),
(383, 3, 76, '2020-00001', 1, 3, 12, 13, 5, 1),
(384, 3, 76, '2020-00001', 1, 4, 17, 13, 5, 1),
(385, 3, 76, '2020-00001', 1, 1, 2, 13, 4, 1),
(386, 3, 76, '2020-00001', 1, 2, 8, 13, 4, 1),
(387, 3, 76, '2020-00001', 1, 3, 13, 13, 5, 1),
(388, 3, 76, '2020-00001', 1, 4, 18, 13, 5, 1),
(389, 3, 76, '2020-00001', 1, 1, 3, 13, 4, 1),
(390, 3, 76, '2020-00001', 1, 2, 9, 13, 4, 1),
(391, 3, 76, '2020-00001', 1, 3, 14, 13, 5, 1),
(392, 3, 76, '2020-00001', 1, 4, 19, 13, 5, 1),
(393, 3, 76, '2020-00001', 1, 1, 5, 13, 4, 1),
(394, 3, 76, '2020-00001', 1, 2, 10, 13, 4, 1),
(395, 3, 76, '2020-00001', 1, 3, 15, 13, 5, 1),
(396, 3, 76, '2020-00001', 1, 4, 20, 13, 5, 1),
(397, 3, 76, '2020-00001', 1, 1, 6, 13, 4, 1),
(398, 3, 76, '2020-00001', 1, 2, 11, 13, 4, 1),
(399, 3, 76, '2020-00001', 1, 3, 16, 13, 5, 1),
(400, 3, 76, '2020-00001', 1, 4, 21, 13, 5, 1),
(401, 3, 76, '2020-00314', 1, 1, 1, 13, 4, 1),
(402, 3, 76, '2020-00314', 1, 2, 7, 13, 5, 1),
(403, 3, 76, '2020-00314', 1, 3, 12, 13, 4, 1),
(404, 3, 76, '2020-00314', 1, 4, 17, 13, 4, 1),
(405, 3, 76, '2020-00314', 1, 1, 2, 13, 4, 1),
(406, 3, 76, '2020-00314', 1, 2, 8, 13, 5, 1),
(407, 3, 76, '2020-00314', 1, 3, 13, 13, 5, 1),
(408, 3, 76, '2020-00314', 1, 4, 18, 13, 4, 1),
(409, 3, 76, '2020-00314', 1, 1, 3, 13, 4, 1),
(410, 3, 76, '2020-00314', 1, 2, 9, 13, 5, 1),
(411, 3, 76, '2020-00314', 1, 3, 14, 13, 4, 1),
(412, 3, 76, '2020-00314', 1, 4, 19, 13, 5, 1),
(413, 3, 76, '2020-00314', 1, 1, 5, 13, 4, 1),
(414, 3, 76, '2020-00314', 1, 2, 10, 13, 4, 1),
(415, 3, 76, '2020-00314', 1, 3, 15, 13, 4, 1),
(416, 3, 76, '2020-00314', 1, 4, 20, 13, 4, 1),
(417, 3, 76, '2020-00314', 1, 1, 6, 13, 4, 1),
(418, 3, 76, '2020-00314', 1, 2, 11, 13, 5, 1),
(419, 3, 76, '2020-00314', 1, 3, 16, 13, 4, 1),
(420, 3, 76, '2020-00314', 1, 4, 21, 13, 4, 1),
(421, 3, 76, '2020-00925', 1, 1, 1, 13, 3, 1),
(422, 3, 76, '2020-00925', 1, 2, 7, 13, 3, 1),
(423, 3, 76, '2020-00925', 1, 3, 12, 13, 4, 1),
(424, 3, 76, '2020-00925', 1, 4, 17, 13, 4, 1),
(425, 3, 76, '2020-00925', 1, 1, 2, 13, 4, 1),
(426, 3, 76, '2020-00925', 1, 2, 8, 13, 3, 1),
(427, 3, 76, '2020-00925', 1, 3, 13, 13, 4, 1),
(428, 3, 76, '2020-00925', 1, 4, 18, 13, 4, 1),
(429, 3, 76, '2020-00925', 1, 1, 3, 13, 3, 1),
(430, 3, 76, '2020-00925', 1, 2, 9, 13, 3, 1),
(431, 3, 76, '2020-00925', 1, 3, 14, 13, 4, 1),
(432, 3, 76, '2020-00925', 1, 4, 19, 13, 4, 1),
(433, 3, 76, '2020-00925', 1, 1, 5, 13, 3, 1),
(434, 3, 76, '2020-00925', 1, 2, 10, 13, 4, 1),
(435, 3, 76, '2020-00925', 1, 3, 15, 13, 4, 1),
(436, 3, 76, '2020-00925', 1, 4, 20, 13, 4, 1),
(437, 3, 76, '2020-00925', 1, 1, 6, 13, 3, 1),
(438, 3, 76, '2020-00925', 1, 2, 11, 13, 4, 1),
(439, 3, 76, '2020-00925', 1, 3, 16, 13, 4, 1),
(440, 3, 76, '2020-00925', 1, 4, 21, 13, 4, 1),
(441, 3, 76, '2014-02797', 1, 1, 1, 13, 3, 1),
(442, 3, 76, '2014-02797', 1, 2, 7, 13, 4, 1),
(443, 3, 76, '2014-02797', 1, 3, 12, 13, 5, 1),
(444, 3, 76, '2014-02797', 1, 4, 17, 13, 4, 1),
(445, 3, 76, '2014-02797', 1, 1, 2, 13, 3, 1),
(446, 3, 76, '2014-02797', 1, 2, 8, 13, 4, 1),
(447, 3, 76, '2014-02797', 1, 3, 13, 13, 5, 1),
(448, 3, 76, '2014-02797', 1, 4, 18, 13, 4, 1),
(449, 3, 76, '2014-02797', 1, 1, 3, 13, 3, 1),
(450, 3, 76, '2014-02797', 1, 2, 9, 13, 4, 1),
(451, 3, 76, '2014-02797', 1, 3, 14, 13, 5, 1),
(452, 3, 76, '2014-02797', 1, 4, 19, 13, 4, 1),
(453, 3, 76, '2014-02797', 1, 1, 5, 13, 3, 1),
(454, 3, 76, '2014-02797', 1, 2, 10, 13, 4, 1),
(455, 3, 76, '2014-02797', 1, 3, 15, 13, 5, 1),
(456, 3, 76, '2014-02797', 1, 4, 20, 13, 4, 1),
(457, 3, 76, '2014-02797', 1, 1, 6, 13, 3, 1),
(458, 3, 76, '2014-02797', 1, 2, 11, 13, 4, 1),
(459, 3, 76, '2014-02797', 1, 3, 16, 13, 5, 1),
(460, 3, 76, '2014-02797', 1, 4, 21, 13, 4, 1),
(461, 3, 76, '2020-01251', 0, 1, 1, 13, 3, 1),
(462, 3, 76, '2020-01251', 0, 2, 7, 13, 4, 1),
(463, 3, 76, '2020-01251', 0, 3, 12, 13, 4, 1),
(464, 3, 76, '2020-01251', 0, 4, 17, 13, 5, 1),
(465, 3, 76, '2020-01251', 0, 1, 2, 13, 3, 1),
(466, 3, 76, '2020-01251', 0, 2, 8, 13, 4, 1),
(467, 3, 76, '2020-01251', 0, 3, 13, 13, 4, 1),
(468, 3, 76, '2020-01251', 0, 4, 18, 13, 5, 1),
(469, 3, 76, '2020-01251', 0, 1, 3, 13, 3, 1),
(470, 3, 76, '2020-01251', 0, 2, 9, 13, 4, 1),
(471, 3, 76, '2020-01251', 0, 3, 14, 13, 4, 1),
(472, 3, 76, '2020-01251', 0, 4, 19, 13, 5, 1),
(473, 3, 76, '2020-01251', 0, 1, 5, 13, 3, 1),
(474, 3, 76, '2020-01251', 0, 2, 10, 13, 4, 1),
(475, 3, 76, '2020-01251', 0, 3, 15, 13, 4, 1),
(476, 3, 76, '2020-01251', 0, 4, 20, 13, 5, 1),
(477, 3, 76, '2020-01251', 0, 1, 6, 13, 3, 1),
(478, 3, 76, '2020-01251', 0, 2, 11, 13, 4, 1),
(479, 3, 76, '2020-01251', 0, 3, 16, 13, 4, 1),
(480, 3, 76, '2020-01251', 0, 4, 21, 13, 5, 1),
(481, 3, 76, '2020-00237', 1, 1, 1, 13, 3, 1),
(482, 3, 76, '2020-00237', 1, 2, 7, 13, 4, 1),
(483, 3, 76, '2020-00237', 1, 3, 12, 13, 4, 1),
(484, 3, 76, '2020-00237', 1, 4, 17, 13, 3, 1),
(485, 3, 76, '2020-00237', 1, 1, 2, 13, 3, 1),
(486, 3, 76, '2020-00237', 1, 2, 8, 13, 4, 1),
(487, 3, 76, '2020-00237', 1, 3, 13, 13, 4, 1),
(488, 3, 76, '2020-00237', 1, 4, 18, 13, 3, 1),
(489, 3, 76, '2020-00237', 1, 1, 3, 13, 3, 1),
(490, 3, 76, '2020-00237', 1, 2, 9, 13, 4, 1),
(491, 3, 76, '2020-00237', 1, 3, 14, 13, 4, 1),
(492, 3, 76, '2020-00237', 1, 4, 19, 13, 3, 1),
(493, 3, 76, '2020-00237', 1, 1, 5, 13, 3, 1),
(494, 3, 76, '2020-00237', 1, 2, 10, 13, 4, 1),
(495, 3, 76, '2020-00237', 1, 3, 15, 13, 4, 1),
(496, 3, 76, '2020-00237', 1, 4, 20, 13, 3, 1),
(497, 3, 76, '2020-00237', 1, 1, 6, 13, 3, 1),
(498, 3, 76, '2020-00237', 1, 2, 11, 13, 4, 1),
(499, 3, 76, '2020-00237', 1, 3, 16, 13, 4, 1),
(500, 3, 76, '2020-00237', 1, 4, 21, 13, 3, 1),
(501, 3, 76, '2020-00234', 1, 1, 1, 13, 3, 1),
(502, 3, 76, '2020-00234', 1, 2, 7, 13, 4, 1),
(503, 3, 76, '2020-00234', 1, 3, 12, 13, 5, 1),
(504, 3, 76, '2020-00234', 1, 4, 17, 13, 4, 1),
(505, 3, 76, '2020-00234', 1, 1, 2, 13, 3, 1),
(506, 3, 76, '2020-00234', 1, 2, 8, 13, 4, 1),
(507, 3, 76, '2020-00234', 1, 3, 13, 13, 5, 1),
(508, 3, 76, '2020-00234', 1, 4, 18, 13, 4, 1),
(509, 3, 76, '2020-00234', 1, 1, 3, 13, 3, 1),
(510, 3, 76, '2020-00234', 1, 2, 9, 13, 4, 1),
(511, 3, 76, '2020-00234', 1, 3, 14, 13, 5, 1),
(512, 3, 76, '2020-00234', 1, 4, 19, 13, 4, 1),
(513, 3, 76, '2020-00234', 1, 1, 5, 13, 4, 1),
(514, 3, 76, '2020-00234', 1, 2, 10, 13, 4, 1),
(515, 3, 76, '2020-00234', 1, 3, 15, 13, 5, 1),
(516, 3, 76, '2020-00234', 1, 4, 20, 13, 4, 1),
(517, 3, 76, '2020-00234', 1, 1, 6, 13, 4, 1),
(518, 3, 76, '2020-00234', 1, 2, 11, 13, 5, 1),
(519, 3, 76, '2020-00234', 1, 3, 16, 13, 5, 1),
(520, 3, 76, '2020-00234', 1, 4, 21, 13, 4, 1),
(521, 3, 76, '2020-00545', 1, 1, 1, 13, 3, 1),
(522, 3, 76, '2020-00545', 1, 2, 7, 13, 4, 1),
(523, 3, 76, '2020-00545', 1, 3, 12, 13, 4, 1),
(524, 3, 76, '2020-00545', 1, 4, 17, 13, 5, 1),
(525, 3, 76, '2020-00545', 1, 1, 2, 13, 3, 1),
(526, 3, 76, '2020-00545', 1, 2, 8, 13, 4, 1),
(527, 3, 76, '2020-00545', 1, 3, 13, 13, 4, 1),
(528, 3, 76, '2020-00545', 1, 4, 18, 13, 5, 1),
(529, 3, 76, '2020-00545', 1, 1, 3, 13, 3, 1),
(530, 3, 76, '2020-00545', 1, 2, 9, 13, 4, 1),
(531, 3, 76, '2020-00545', 1, 3, 14, 13, 4, 1),
(532, 3, 76, '2020-00545', 1, 4, 19, 13, 5, 1),
(533, 3, 76, '2020-00545', 1, 1, 5, 13, 3, 1),
(534, 3, 76, '2020-00545', 1, 2, 10, 13, 4, 1),
(535, 3, 76, '2020-00545', 1, 3, 15, 13, 4, 1),
(536, 3, 76, '2020-00545', 1, 4, 20, 13, 5, 1),
(537, 3, 76, '2020-00545', 1, 1, 6, 13, 3, 1),
(538, 3, 76, '2020-00545', 1, 2, 11, 13, 4, 1),
(539, 3, 76, '2020-00545', 1, 3, 16, 13, 4, 1),
(540, 3, 76, '2020-00545', 1, 4, 21, 13, 5, 1),
(541, 3, 76, '2020-00543', 1, 1, 1, 13, 4, 1),
(542, 3, 76, '2020-00543', 1, 2, 7, 13, 3, 1),
(543, 3, 76, '2020-00543', 1, 3, 12, 13, 4, 1),
(544, 3, 76, '2020-00543', 1, 4, 17, 13, 4, 1),
(545, 3, 76, '2020-00543', 1, 1, 2, 13, 4, 1),
(546, 3, 76, '2020-00543', 1, 2, 8, 13, 5, 1),
(547, 3, 76, '2020-00543', 1, 3, 13, 13, 4, 1),
(548, 3, 76, '2020-00543', 1, 4, 18, 13, 4, 1),
(549, 3, 76, '2020-00543', 1, 1, 3, 13, 3, 1),
(550, 3, 76, '2020-00543', 1, 2, 9, 13, 5, 1),
(551, 3, 76, '2020-00543', 1, 3, 14, 13, 4, 1),
(552, 3, 76, '2020-00543', 1, 4, 19, 13, 4, 1),
(553, 3, 76, '2020-00543', 1, 1, 5, 13, 4, 1),
(554, 3, 76, '2020-00543', 1, 2, 10, 13, 5, 1),
(555, 3, 76, '2020-00543', 1, 3, 15, 13, 4, 1),
(556, 3, 76, '2020-00543', 1, 4, 20, 13, 4, 1),
(557, 3, 76, '2020-00543', 1, 1, 6, 13, 3, 1),
(558, 3, 76, '2020-00543', 1, 2, 11, 13, 5, 1),
(559, 3, 76, '2020-00543', 1, 3, 16, 13, 4, 1),
(560, 3, 76, '2020-00543', 1, 4, 21, 13, 4, 1),
(561, 3, 76, '2020-01271', 0, 1, 1, 13, 4, 1),
(562, 3, 76, '2020-01271', 0, 2, 7, 13, 5, 1),
(563, 3, 76, '2020-01271', 0, 3, 12, 13, 5, 1),
(564, 3, 76, '2020-01271', 0, 4, 17, 13, 5, 1),
(565, 3, 76, '2020-01271', 0, 1, 2, 13, 4, 1),
(566, 3, 76, '2020-01271', 0, 2, 8, 13, 5, 1),
(567, 3, 76, '2020-01271', 0, 3, 13, 13, 5, 1),
(568, 3, 76, '2020-01271', 0, 4, 18, 13, 5, 1),
(569, 3, 76, '2020-01271', 0, 1, 3, 13, 4, 1),
(570, 3, 76, '2020-01271', 0, 2, 9, 13, 5, 1),
(571, 3, 76, '2020-01271', 0, 3, 14, 13, 5, 1),
(572, 3, 76, '2020-01271', 0, 4, 19, 13, 5, 1),
(573, 3, 76, '2020-01271', 0, 1, 5, 13, 4, 1),
(574, 3, 76, '2020-01271', 0, 2, 10, 13, 5, 1),
(575, 3, 76, '2020-01271', 0, 3, 15, 13, 5, 1),
(576, 3, 76, '2020-01271', 0, 4, 20, 13, 4, 1),
(577, 3, 76, '2020-01271', 0, 1, 6, 13, 4, 1),
(578, 3, 76, '2020-01271', 0, 2, 11, 13, 5, 1),
(579, 3, 76, '2020-01271', 0, 3, 16, 13, 5, 1),
(580, 3, 76, '2020-01271', 0, 4, 21, 13, 3, 1),
(581, 3, 76, '2020-00123', 0, 1, 1, 13, 3, 1),
(582, 3, 76, '2020-00123', 0, 2, 7, 13, 4, 1),
(583, 3, 76, '2020-00123', 0, 3, 12, 13, 4, 1),
(584, 3, 76, '2020-00123', 0, 4, 17, 13, 5, 1),
(585, 3, 76, '2020-00123', 0, 1, 2, 13, 3, 1),
(586, 3, 76, '2020-00123', 0, 2, 8, 13, 4, 1),
(587, 3, 76, '2020-00123', 0, 3, 13, 13, 4, 1),
(588, 3, 76, '2020-00123', 0, 4, 18, 13, 5, 1),
(589, 3, 76, '2020-00123', 0, 1, 3, 13, 3, 1),
(590, 3, 76, '2020-00123', 0, 2, 9, 13, 4, 1),
(591, 3, 76, '2020-00123', 0, 3, 14, 13, 4, 1),
(592, 3, 76, '2020-00123', 0, 4, 19, 13, 5, 1),
(593, 3, 76, '2020-00123', 0, 1, 5, 13, 4, 1),
(594, 3, 76, '2020-00123', 0, 2, 10, 13, 4, 1),
(595, 3, 76, '2020-00123', 0, 3, 15, 13, 4, 1),
(596, 3, 76, '2020-00123', 0, 4, 20, 13, 5, 1),
(597, 3, 76, '2020-00123', 0, 1, 6, 13, 4, 1),
(598, 3, 76, '2020-00123', 0, 2, 11, 13, 4, 1),
(599, 3, 76, '2020-00123', 0, 3, 16, 13, 4, 1),
(600, 3, 76, '2020-00123', 0, 4, 21, 13, 5, 1);

-- --------------------------------------------------------

--
-- Table structure for table `blocksections`
--

CREATE TABLE `blocksections` (
  `secID` int(11) NOT NULL,
  `courseID` int(11) NOT NULL,
  `studentID` int(11) NOT NULL,
  `remarks` int(11) NOT NULL,
  `status` varchar(60) NOT NULL
) ENGINE=MyISAM DEFAULT CHARSET=latin1;

-- --------------------------------------------------------

--
-- Table structure for table `blocksections_details`
--

CREATE TABLE `blocksections_details` (
  `detailsID` int(11) NOT NULL,
  `studentID` int(11) NOT NULL,
  `subID` int(11) NOT NULL,
  `secID` int(11) NOT NULL,
  `evaluationID` int(11) NOT NULL,
  `facultyID` int(11) NOT NULL,
  `remarks` varchar(60) DEFAULT NULL,
  `bstatus` tinyint(4) NOT NULL DEFAULT 0,
  `dstatus` tinyint(4) NOT NULL DEFAULT 1
) ENGINE=MyISAM DEFAULT CHARSET=latin1;

--
-- Dumping data for table `blocksections_details`
--

INSERT INTO `blocksections_details` (`detailsID`, `studentID`, `subID`, `secID`, `evaluationID`, `facultyID`, `remarks`, `bstatus`, `dstatus`) VALUES
(1, 0, 6, 0, 0, 25, '0', 0, 1),
(2, 0, 6, 0, 0, 32, '0', 0, 1),
(437, 76, 11, 0, 3, 84, NULL, 1, 0),
(459, 68, 13, 0, 3, 76, NULL, 1, 1),
(196, 66, 17, 0, 0, 24, NULL, 0, 0),
(195, 66, 14, 0, 0, 50, NULL, 0, 1),
(194, 66, 16, 0, 0, 24, NULL, 0, 1),
(193, 66, 15, 0, 0, 49, NULL, 0, 1),
(192, 66, 6, 0, 0, 51, NULL, 0, 1),
(31, 67, 7, 0, 0, 70, '', 0, 0),
(32, 67, 8, 0, 0, 50, '', 0, 0),
(33, 67, 11, 0, 0, 67, '', 0, 0),
(34, 67, 12, 0, 0, 69, '', 0, 0),
(35, 67, 9, 0, 0, 51, '', 0, 0),
(461, 74, 13, 0, 3, 76, NULL, 1, 1),
(42, 69, 7, 0, 0, 70, '', 0, 1),
(43, 69, 8, 0, 0, 50, '', 0, 1),
(44, 69, 9, 0, 0, 51, '', 0, 1),
(45, 69, 10, 0, 0, 24, '', 0, 1),
(46, 69, 11, 0, 0, 67, '', 0, 1),
(47, 69, 12, 0, 0, 69, '', 0, 1),
(48, 70, 7, 0, 0, 70, '', 0, 0),
(49, 70, 8, 0, 0, 50, '', 0, 0),
(50, 70, 9, 0, 0, 51, '', 0, 0),
(51, 70, 11, 0, 0, 67, '', 0, 0),
(52, 70, 12, 0, 0, 69, '', 0, 0),
(53, 71, 7, 0, 0, 70, '', 0, 0),
(54, 71, 8, 0, 0, 50, '', 0, 0),
(55, 71, 9, 0, 0, 51, '', 0, 0),
(56, 71, 10, 0, 0, 24, '', 0, 0),
(57, 71, 11, 0, 0, 67, '', 0, 0),
(58, 71, 12, 0, 0, 69, '', 0, 0),
(59, 72, 7, 0, 0, 70, '', 0, 1),
(60, 72, 8, 0, 0, 50, '', 0, 1),
(61, 72, 9, 0, 0, 51, '', 0, 1),
(62, 72, 11, 0, 0, 67, '', 0, 1),
(63, 72, 12, 0, 0, 69, '', 0, 1),
(221, 73, 16, 0, 0, 24, NULL, 0, 1),
(190, 73, 15, 0, 0, 49, NULL, 0, 1),
(189, 73, 14, 0, 0, 50, NULL, 0, 1),
(222, 73, 17, 0, 0, 24, NULL, 0, 1),
(187, 73, 13, 0, 0, 50, NULL, 0, 1),
(186, 73, 6, 0, 0, 51, NULL, 0, 1),
(447, 65, 32, 0, 3, 70, NULL, 1, 0),
(415, 12, 6, 0, 3, 24, NULL, 0, 0),
(76, 6, 6, 0, 0, 51, '', 0, 1),
(77, 6, 13, 0, 0, 50, '', 0, 1),
(78, 6, 15, 0, 0, 49, '', 0, 1),
(79, 6, 16, 0, 0, 24, '', 0, 1),
(80, 6, 17, 0, 0, 24, '', 0, 1),
(81, 6, 14, 0, 0, 50, '', 0, 1),
(82, 8, 6, 0, 0, 51, '', 0, 1),
(83, 8, 13, 0, 0, 50, '', 0, 1),
(84, 8, 15, 0, 0, 49, '', 0, 1),
(85, 8, 16, 0, 0, 24, '', 0, 1),
(86, 8, 17, 0, 0, 24, '', 0, 1),
(87, 8, 14, 0, 0, 50, '', 0, 1),
(88, 9, 6, 0, 0, 51, '', 0, 1),
(89, 9, 13, 0, 0, 50, '', 0, 1),
(90, 9, 15, 0, 0, 49, '', 0, 1),
(91, 9, 16, 0, 0, 24, '', 0, 1),
(92, 9, 17, 0, 0, 24, '', 0, 1),
(93, 9, 14, 0, 0, 50, '', 0, 1),
(94, 10, 6, 0, 0, 51, '', 0, 1),
(95, 10, 13, 0, 0, 50, '', 0, 1),
(96, 10, 15, 0, 0, 49, '', 0, 1),
(97, 10, 16, 0, 0, 24, '', 0, 1),
(98, 10, 17, 0, 0, 24, '', 0, 1),
(99, 10, 14, 0, 0, 50, '', 0, 1),
(100, 11, 6, 0, 0, 51, '', 0, 1),
(101, 11, 13, 0, 0, 50, '', 0, 1),
(102, 11, 15, 0, 0, 49, '', 0, 1),
(103, 11, 16, 0, 0, 24, '', 0, 1),
(104, 11, 17, 0, 0, 24, '', 0, 1),
(105, 11, 14, 0, 0, 50, '', 0, 1),
(106, 13, 6, 0, 0, 51, '', 0, 1),
(107, 13, 13, 0, 0, 50, '', 0, 1),
(108, 13, 15, 0, 0, 49, '', 0, 1),
(109, 13, 16, 0, 0, 24, '', 0, 1),
(110, 13, 17, 0, 0, 24, '', 0, 1),
(111, 13, 14, 0, 0, 50, '', 0, 1),
(112, 14, 6, 0, 0, 51, '', 0, 1),
(113, 14, 13, 0, 0, 50, '', 0, 1),
(114, 14, 15, 0, 0, 49, '', 0, 1),
(115, 14, 16, 0, 0, 24, '', 0, 1),
(116, 14, 17, 0, 0, 24, '', 0, 1),
(117, 14, 14, 0, 0, 50, '', 0, 1),
(118, 15, 6, 0, 0, 51, '', 0, 1),
(119, 15, 13, 0, 0, 50, '', 0, 1),
(120, 15, 15, 0, 0, 49, '', 0, 1),
(121, 15, 16, 0, 0, 24, '', 0, 1),
(122, 15, 17, 0, 0, 24, '', 0, 1),
(123, 15, 14, 0, 0, 50, '', 0, 1),
(124, 16, 6, 0, 0, 51, '', 0, 1),
(125, 16, 13, 0, 0, 50, '', 0, 1),
(126, 16, 15, 0, 0, 49, '', 0, 1),
(127, 16, 16, 0, 0, 24, '', 0, 1),
(128, 16, 17, 0, 0, 24, '', 0, 1),
(129, 16, 14, 0, 0, 50, '', 0, 1),
(130, 18, 6, 0, 0, 51, '', 0, 1),
(131, 18, 13, 0, 0, 50, '', 0, 1),
(132, 18, 15, 0, 0, 49, '', 0, 1),
(133, 18, 16, 0, 0, 24, '', 0, 1),
(134, 18, 17, 0, 0, 24, '', 0, 1),
(135, 18, 14, 0, 0, 50, '', 0, 1),
(136, 19, 6, 0, 0, 51, '', 0, 1),
(137, 19, 13, 0, 0, 50, '', 0, 1),
(138, 19, 15, 0, 0, 49, '', 0, 1),
(139, 19, 16, 0, 0, 24, '', 0, 1),
(140, 19, 17, 0, 0, 24, '', 0, 1),
(141, 19, 14, 0, 0, 50, '', 0, 1),
(142, 24, 6, 0, 0, 51, '', 0, 1),
(143, 24, 13, 0, 0, 50, '', 0, 1),
(144, 24, 15, 0, 0, 49, '', 0, 1),
(145, 24, 16, 0, 0, 24, '', 0, 1),
(146, 24, 17, 0, 0, 24, '', 0, 1),
(147, 24, 14, 0, 0, 50, '', 0, 1),
(148, 25, 6, 0, 0, 51, '', 0, 1),
(149, 25, 13, 0, 0, 50, '', 0, 1),
(150, 25, 15, 0, 0, 49, '', 0, 1),
(151, 25, 16, 0, 0, 24, '', 0, 1),
(152, 25, 17, 0, 0, 24, '', 0, 1),
(153, 25, 14, 0, 0, 50, '', 0, 1),
(154, 23, 6, 0, 0, 51, '', 0, 1),
(155, 23, 13, 0, 0, 50, '', 0, 1),
(156, 23, 15, 0, 0, 49, '', 0, 1),
(157, 23, 16, 0, 0, 24, '', 0, 1),
(158, 23, 17, 0, 0, 24, '', 0, 1),
(159, 23, 14, 0, 0, 50, '', 0, 1),
(197, 66, 13, 0, 0, 50, NULL, 0, 1),
(442, 65, 12, 0, 3, 84, NULL, 1, 0),
(430, 7, 33, 0, 3, 84, NULL, 1, 0),
(431, 7, 28, 0, 3, 83, NULL, 0, 0),
(432, 7, 31, 0, 3, 73, NULL, 0, 0),
(435, 76, 32, 0, 3, 44, NULL, 1, 0),
(448, 7, 31, 0, 3, 24, NULL, 0, 1),
(445, 7, 7, 0, 3, 70, NULL, 0, 0),
(217, 73, 45, 0, 0, 49, NULL, 0, 1),
(218, 73, 46, 0, 0, 49, NULL, 0, 1),
(219, 73, 47, 0, 0, 49, NULL, 0, 1),
(220, 73, 48, 0, 0, 50, NULL, 0, 1),
(223, 73, 49, 0, 0, 24, NULL, 0, 1),
(224, 73, 50, 0, 0, 71, NULL, 0, 1),
(225, 66, 45, 0, 0, 49, NULL, 0, 0),
(226, 66, 46, 0, 0, 49, NULL, 0, 0),
(227, 66, 47, 0, 0, 49, NULL, 0, 0),
(228, 66, 48, 0, 0, 50, NULL, 0, 1),
(229, 66, 49, 0, 0, 24, NULL, 0, 0),
(230, 66, 50, 0, 0, 71, NULL, 0, 0),
(443, 65, 33, 0, 3, 84, NULL, 1, 0),
(449, 65, 31, 0, 3, 24, NULL, 1, 1),
(450, 70, 13, 0, 3, 76, NULL, 1, 1),
(451, 76, 13, 0, 3, 76, NULL, 1, 1),
(452, 67, 13, 0, 3, 76, NULL, 1, 1),
(453, 71, 13, 0, 3, 76, NULL, 1, 1),
(454, 12, 13, 0, 3, 76, NULL, 1, 1),
(455, 66, 13, 0, 3, 76, NULL, 1, 1),
(456, 65, 13, 0, 3, 76, NULL, 1, 1),
(457, 7, 13, 0, 3, 76, NULL, 1, 1),
(458, 73, 13, 0, 3, 76, NULL, 1, 1),
(446, 65, 31, 0, 3, 70, NULL, 1, 0),
(433, 7, 29, 0, 3, 58, NULL, 0, 0),
(428, 7, 27, 0, 3, 73, NULL, 0, 0),
(427, 7, 26, 0, 3, 45, NULL, 0, 0),
(426, 7, 29, 0, 3, 82, NULL, 0, 0),
(444, 65, 7, 0, 3, 70, NULL, 1, 0),
(440, 68, 33, 0, 3, 84, NULL, 1, 1),
(321, 73, 29, 0, 0, 82, NULL, 0, 1),
(322, 73, 30, 0, 0, 58, NULL, 0, 1),
(323, 73, 31, 0, 0, 73, NULL, 0, 1),
(324, 73, 27, 0, 0, 73, NULL, 0, 1),
(325, 73, 28, 0, 0, 83, NULL, 0, 1),
(326, 73, 26, 0, 0, 45, NULL, 0, 1),
(327, 73, 33, 0, 0, 84, NULL, 0, 1),
(328, 73, 24, 0, 0, 50, NULL, 0, 1),
(329, 73, 18, 0, 0, 51, NULL, 0, 1),
(330, 73, 53, 0, 0, 48, NULL, 0, 1),
(331, 73, 22, 0, 0, 79, NULL, 0, 1),
(332, 73, 23, 0, 0, 79, NULL, 0, 1),
(333, 73, 57, 0, 0, 80, NULL, 0, 1),
(334, 73, 32, 0, 0, 81, NULL, 0, 1),
(335, 73, 58, 0, 0, 81, NULL, 0, 1),
(336, 73, 59, 0, 0, 24, NULL, 0, 1),
(337, 73, 60, 0, 0, 51, NULL, 0, 1),
(338, 73, 19, 0, 0, 50, NULL, 0, 1),
(339, 73, 62, 0, 0, 51, NULL, 0, 1),
(340, 73, 63, 0, 0, 51, NULL, 0, 1),
(341, 73, 64, 0, 0, 78, NULL, 0, 1),
(342, 73, 74, 0, 0, 76, NULL, 0, 1),
(343, 73, 66, 0, 0, 55, NULL, 0, 1),
(344, 73, 65, 0, 0, 73, NULL, 0, 1),
(345, 73, 69, 0, 0, 74, NULL, 0, 1),
(346, 73, 70, 0, 0, 53, NULL, 0, 1),
(347, 73, 71, 0, 0, 58, NULL, 0, 1),
(348, 73, 72, 0, 0, 76, NULL, 0, 1),
(349, 73, 73, 0, 0, 77, NULL, 0, 1),
(350, 66, 29, 0, 0, 82, NULL, 0, 0),
(351, 66, 30, 0, 0, 58, NULL, 0, 1),
(352, 66, 31, 0, 0, 73, NULL, 0, 0),
(353, 66, 27, 0, 0, 73, NULL, 0, 0),
(354, 66, 28, 0, 0, 83, NULL, 0, 1),
(355, 66, 26, 0, 0, 45, NULL, 0, 0),
(356, 66, 33, 0, 0, 84, NULL, 0, 1),
(357, 66, 24, 0, 0, 50, NULL, 0, 1),
(358, 66, 52, 0, 0, 51, NULL, 0, 1),
(359, 66, 53, 0, 0, 49, NULL, 0, 0),
(360, 66, 54, 0, 0, 48, NULL, 0, 0),
(361, 66, 23, 0, 0, 79, NULL, 0, 0),
(362, 66, 22, 0, 0, 79, NULL, 0, 0),
(363, 66, 32, 0, 0, 81, NULL, 0, 0),
(364, 66, 57, 0, 0, 80, NULL, 0, 0),
(394, 71, 66, 0, 0, 72, NULL, 0, 0),
(366, 66, 24, 0, 0, 50, NULL, 0, 0),
(368, 66, 52, 0, 0, 51, NULL, 0, 1),
(369, 66, 53, 0, 0, 49, NULL, 0, 1),
(370, 66, 54, 0, 0, 48, NULL, 0, 0),
(371, 66, 22, 0, 0, 79, NULL, 0, 0),
(372, 66, 23, 0, 0, 79, NULL, 0, 0),
(373, 66, 57, 0, 0, 80, NULL, 0, 0),
(374, 66, 32, 0, 0, 81, NULL, 0, 1),
(375, 66, 58, 0, 0, 81, NULL, 0, 0),
(376, 66, 59, 0, 0, 24, NULL, 0, 0),
(377, 66, 20, 0, 0, 51, NULL, 0, 1),
(378, 66, 19, 0, 0, 50, NULL, 0, 0),
(379, 66, 62, 0, 0, 51, NULL, 0, 1),
(380, 66, 63, 0, 0, 51, NULL, 0, 1),
(381, 66, 64, 0, 0, 78, NULL, 0, 1),
(382, 66, 74, 0, 0, 76, NULL, 0, 0),
(383, 66, 66, 0, 0, 55, NULL, 0, 0),
(384, 66, 65, 0, 0, 73, NULL, 0, 0),
(385, 66, 69, 0, 0, 74, NULL, 0, 0),
(386, 66, 70, 0, 0, 53, NULL, 0, 0),
(387, 66, 71, 0, 0, 75, NULL, 0, 0),
(388, 66, 72, 0, 0, 76, NULL, 0, 0),
(389, 66, 73, 0, 0, 77, NULL, 0, 1),
(460, 72, 13, 0, 3, 76, NULL, 1, 1),
(395, 71, 67, 0, 0, 73, NULL, 0, 0),
(396, 71, 69, 0, 0, 74, NULL, 0, 0),
(397, 71, 70, 0, 0, 53, NULL, 0, 0),
(398, 71, 71, 0, 0, 58, NULL, 0, 0),
(399, 71, 72, 0, 0, 76, NULL, 0, 0),
(400, 71, 73, 0, 0, 77, NULL, 0, 0),
(407, 74, 11, 0, 0, 29, NULL, 0, 1),
(402, 74, 13, 0, 0, 50, NULL, 0, 0),
(403, 74, 9, 0, 0, 43, NULL, 0, 1),
(404, 74, 12, 0, 0, 32, NULL, 0, 0),
(405, 74, 12, 0, 0, 32, NULL, 0, 1),
(406, 74, 7, 0, 0, 70, NULL, 0, 0),
(408, 74, 15, 0, 0, 36, NULL, 0, 1),
(409, 74, 16, 0, 0, 28, NULL, 0, 1),
(434, 76, 33, 0, 3, 84, NULL, 1, 0),
(416, 12, 7, 0, 3, 68, NULL, 0, 0),
(413, 74, 0, 0, 3, 0, NULL, 0, 0),
(414, 74, 6, 0, 3, 24, NULL, 0, 1);

-- --------------------------------------------------------

--
-- Table structure for table `categories`
--

CREATE TABLE `categories` (
  `catID` int(11) NOT NULL,
  `catName` tinytext NOT NULL,
  `title` text NOT NULL,
  `definition` text NOT NULL,
  `status` tinyint(4) NOT NULL
) ENGINE=MyISAM DEFAULT CHARSET=latin1;

--
-- Dumping data for table `categories`
--

INSERT INTO `categories` (`catID`, `catName`, `title`, `definition`, `status`) VALUES
(1, 'A', 'Commitment', '', 0),
(2, 'B', 'Knowledge of the Subject Matter', '', 0),
(3, 'C', 'Teaching for Independent Learning', '', 0),
(4, 'D', 'Management of Learning', '', 0);

-- --------------------------------------------------------

--
-- Table structure for table `courses`
--

CREATE TABLE `courses` (
  `courseID` int(11) NOT NULL,
  `title` varchar(20) NOT NULL,
  `description` varchar(100) NOT NULL,
  `status` int(11) NOT NULL
) ENGINE=MyISAM DEFAULT CHARSET=latin1;

--
-- Dumping data for table `courses`
--

INSERT INTO `courses` (`courseID`, `title`, `description`, `status`) VALUES
(1, 'BSCS', 'Bachelor of Science in Computer Science', 0),
(2, 'BSIS ', 'Bachelor of Science in Information System', 0),
(3, 'BSIT', 'Bachelor of Science in Information Technology', 0),
(4, 'BSCE', 'Bachelor of Science in Civil Engineering', 0),
(5, 'BSEE ', 'Bachelor of Science in Electrical Engineering', 0),
(6, 'BSECE', 'Bachelor of Science in Electronics Engineering', 0),
(7, 'BSCpE', 'Bachelor of Science in Computer Engineering', 0);

-- --------------------------------------------------------

--
-- Table structure for table `evaluations`
--

CREATE TABLE `evaluations` (
  `id` int(11) NOT NULL,
  `name` varchar(60) NOT NULL,
  `desc` varchar(60) NOT NULL,
  `dateCreated` datetime NOT NULL,
  `status` int(11) NOT NULL DEFAULT 1 COMMENT '0 closed, 1 pending, 2 open',
  `evalOrder` int(11) NOT NULL
) ENGINE=MyISAM DEFAULT CHARSET=latin1;

--
-- Dumping data for table `evaluations`
--

INSERT INTO `evaluations` (`id`, `name`, `desc`, `dateCreated`, `status`, `evalOrder`) VALUES
(1, 'SNSU EVALUATION 1st Semester A.Y 2022-2023', '', '2024-01-17 16:05:22', 0, 5),
(2, 'SNSU EVALUATION 2ndSemester A.Y 2022-2023', '', '2024-01-17 15:32:25', 0, 6),
(3, 'SNSU EVALUATION 1st Semester A.Y 2020-2021', '', '2024-01-21 15:34:53', 2, 1),
(4, 'SNSU EVALUATION 2nd Semester A.Y 2020-2021', '', '2024-01-06 14:12:48', 0, 2),
(5, 'SNSU EVALUATION 1st Semester A.Y 2021-2022', '', '2024-01-05 16:10:50', 0, 3),
(6, 'SNSU EVALUATION 2nd Semester  A.Y 2021-2022', '', '2024-01-05 16:36:48', 0, 4);

-- --------------------------------------------------------

--
-- Table structure for table `faculty`
--

CREATE TABLE `faculty` (
  `id` int(11) NOT NULL,
  `idno` varchar(60) NOT NULL,
  `fname` varchar(60) NOT NULL,
  `mname` varchar(60) NOT NULL,
  `lname` varchar(60) NOT NULL,
  `position` varchar(60) NOT NULL,
  `status` tinyint(4) NOT NULL DEFAULT 1 COMMENT '0 inactive,1 active'
) ENGINE=MyISAM DEFAULT CHARSET=latin1;

--
-- Dumping data for table `faculty`
--

INSERT INTO `faculty` (`id`, `idno`, `fname`, `mname`, `lname`, `position`, `status`) VALUES
(24, '1234515', 'Monalee', 'D', 'Delacerna', 'Professor III', 1),
(25, '1', 'Rossanne', 'E', 'Andaluz', 'BSCE ', 1),
(26, '1', 'Richard', 'A', 'Badiola', 'BSCE ', 1),
(27, '1', 'Virnie', 'P.', 'Portugues', 'BSCE ', 1),
(28, '1', 'Erlito', 'M.', 'Orit', 'BSCE', 1),
(29, '1', 'Elmario', 'A.', 'Pejan', 'BSCE', 1),
(30, '1', 'John Joerte', 'B.', 'Febrero', 'BSCE ', 1),
(31, '', 'Conrado', 'B.', 'Delosa ', 'BSEE', 1),
(32, '', 'Andy Bong ', 'F.', 'Navarro', 'BSEE', 1),
(33, '', 'Jimielou', 'M.', 'Fideles', 'BSEE', 1),
(34, '', 'Vernin', 'V.', 'Liza', 'BSEE', 1),
(35, '', 'Mark Marvin', '', 'Paglinawan', 'BSEE', 1),
(36, '', 'Bryan', 'O.', 'Calma', 'BSEE', 1),
(37, '', 'Larry Angelo', 'R. ', 'Canete', 'BSEE', 1),
(38, '', 'Larry Angelo', 'R. ', 'Canete', 'BSEE', 1),
(39, '2', 'Galgen', 'B.', 'Galila', 'BSEE', 1),
(40, '', 'Robert', 'R.', 'Bacarro', 'BSECE', 1),
(41, '', 'Re-Ann Christine', 'O.', 'Calimpusan', 'BSECE', 1),
(42, '', 'Lucilyn', 'C.', 'Borja', 'BSCpE', 1),
(43, '', 'Levi', 'A.', 'Corvera', 'BSCpE', 1),
(44, '', 'Analyn', 'S.', 'Morita', 'BSCpE', 1),
(45, '', 'Gracehelle', 'M. ', 'Pascua', 'BSCpE', 1),
(46, '', 'Roland', 'B. ', 'Fernandez', 'BSCpE', 1),
(47, '', 'Roland', 'B. ', 'Fernandez', 'BSCpE', 1),
(48, '', 'Virnille', 'C.', 'Francisco', 'BSCS', 1),
(49, '', 'Unife', 'O.', 'Cagas', 'BSCS', 1),
(50, '', 'Teresita', 'L.', 'Toledo', 'BSCS', 1),
(51, '', 'Trashy', 'P. ', 'Dumaicos', 'BSCS', 1),
(52, '', 'Trashy', 'P. ', 'Dumaicos', 'BSCS', 1),
(53, '', 'Crispin', 'P.', 'Noguerra', 'BSIS', 1),
(54, '', 'Jessica Rose', 'E. ', 'Fernandez', 'BSIS', 1),
(55, '', 'Eva Mary', 'A. ', 'Birao', 'BSIS', 1),
(56, '', 'Gay Rose ', 'M. ', 'Seguera', 'BSIS', 1),
(57, '', 'Jessa', 'G. ', 'Hambre', 'BSIS', 1),
(58, '', 'Ralph Aran', 'C.', 'Cabanero', 'BSIT', 1),
(59, '', 'Ritchie', 'A.', 'Reyna', 'BSIT', 1),
(60, '', 'Ritchie', 'A.', 'Reyna', 'BSIT', 1),
(61, '', 'Perfecto', 'R.', 'Ruaya', 'BSIT', 1),
(62, '', 'Darwin', 'C.', 'Mangca', 'BSIT', 1),
(63, '', 'Kaelf Dave', 'P.', 'Noguerra', 'BSIT', 1),
(64, '.', 'Antonio', 'L.', 'Piloton', 'BSIT', 1),
(65, '', 'Arvin', 'S.', 'Salvador', 'BSIT', 1),
(66, '', 'Chandi', 'B.', 'Galila', 'BSIT', 1),
(67, '', 'Irish ', 'Angcao', 'Oxtero', '', 1),
(68, '', 'Alvie Elma', 'Cabajes', 'Plaza', '', 1),
(69, '', 'Louis', 'Estaloza', 'Cuabo', '', 1),
(70, '.', 'Romy Jun ', 'Arlan ', 'Sunico', '.', 1),
(71, '', 'Judel', 'C.', 'Paredes', '', 1),
(72, '', 'Eva Mary', 'A.', 'Birao', '', 1),
(73, '', 'Liezel Carreon ', '', 'Galgo', '', 1),
(74, '', 'Lucky Benz ', '', 'Manto', '', 1),
(76, '', 'Florencia ', 'T.', 'Sulima', '', 1),
(77, '', 'Perlita ', '', 'Magno', '', 1),
(78, '', 'Rosalita ', 'L.', 'Mora', '', 1),
(79, '.', 'Venchita ', 'B.', 'Gomez ', '.', 1),
(80, '', 'Lovelito ', '', 'Alipao', '', 1),
(81, '', 'Nonito ', '', 'Cordita ', '', 1),
(82, '', 'Amor ', 'C.', 'Montejo', '', 1),
(83, '', 'Reynaldo', 'R.', 'Cervantes ', '', 1),
(84, '', 'Tita ', 'P.', 'Villamor', '', 1);

-- --------------------------------------------------------

--
-- Table structure for table `questions`
--

CREATE TABLE `questions` (
  `id` int(11) NOT NULL,
  `questionNo` int(11) NOT NULL,
  `questionLabel` text NOT NULL,
  `questionDesc` text NOT NULL,
  `status` tinyint(4) NOT NULL
) ENGINE=MyISAM DEFAULT CHARSET=latin1;

--
-- Dumping data for table `questions`
--

INSERT INTO `questions` (`id`, `questionNo`, `questionLabel`, `questionDesc`, `status`) VALUES
(3, 1, 'Demonstrates sensitivity to student\'s ability and absorb content information.', '', 0),
(4, 2, 'Integrates sensitivity his/her learning objectives with those of the students in collaborate process.', '', 0),
(5, 3, 'Make self-available to students beyond official time.', '', 0),
(6, 4, 'Regularly comes to class on time, well-groomed and well prepared to complete assigned responsibility.', '', 0),
(7, 5, 'Keeps accurate records of student\'s performance and proper submission of the same. ', '', 0),
(8, 6, 'Demonstrates mastery of the subject matter(explain the subject matter without relying solely on the prescribed textbook).', '', 0),
(9, 7, 'Draws and shares information on the state on the art of theory and practice in his/her discipline. ', '', 0),
(10, 8, 'Integrated subject to practical circumstances and learning intents/ purposes of the students. ', '', 0),
(11, 9, 'Explains the relevance of present topics to the previous lessons, relates the subject matter to relevant current issues and/or daily life activities.', '', 0),
(12, 10, 'Demonstrates up-to-date knowledge and/or awareness on current trends and issues of the subject.', '', 0),
(13, 11, 'Create teaching strategies that allows students to practice using concepts they need to understand (interactive discussion).', '', 0),
(14, 12, 'Enhances student self-esteem and/or gives due recognition to student\'s performance/potential.', '', 0),
(15, 13, 'Allows students to create their course with objectives and realistically defined student-professor rules and make them accountable for their performance.', '', 0),
(16, 15, 'Encourage students to learn beyond what is required and helps/guides the students how to apply the concepts learned.', '', 0),
(17, 16, 'Creates opportunities to intensive and/or extensive contribution of students in the class activities(e.g. breaks class into dyads, triads or buzz/task group).', '', 0),
(18, 17, 'Assumes roles as facilitator, resource person, coach, inquisitor, integrator, referee in drawing students to contribute to knowledge and understanding of the concepts at hands. ', '', 0),
(19, 18, 'Designs and implements learning conditions and experience that promotes healthy exchange and/or confrontation.', '', 0),
(20, 19, 'Structures/re-structures learning and teaching-learning context to enhance attainment to collective learning objectives.', '', 0),
(21, 20, 'Uses instructional materials(audio/video materials, fieldtrips, film showing, computer aided instruction and etc.) to reinforce learning processes. ', '', 0);

-- --------------------------------------------------------

--
-- Table structure for table `questions_details`
--

CREATE TABLE `questions_details` (
  `quesID` int(11) NOT NULL,
  `catID` int(11) NOT NULL,
  `quesNo` tinyint(4) NOT NULL,
  `title` text NOT NULL,
  `definition` text NOT NULL,
  `status` tinyint(4) NOT NULL
) ENGINE=MyISAM DEFAULT CHARSET=latin1;

--
-- Dumping data for table `questions_details`
--

INSERT INTO `questions_details` (`quesID`, `catID`, `quesNo`, `title`, `definition`, `status`) VALUES
(1, 1, 1, '', 'Demonstrate the sensitivity to student\'s ability and absorb content information.', 0),
(2, 1, 2, '', 'Integrates sensitivity his/her learning objectives with those of the students in a collaborate process.', 0),
(3, 1, 3, '', 'Makes self-available to students beyond official time.', 0),
(5, 1, 4, '', 'Regularly comes to class on time, well-groomed and well prepared to complete assigned responsibility.', 0),
(6, 1, 5, '', 'Keeps accurate records of the student\'s performance and proper submission of the same.', 0),
(7, 2, 1, '', 'Demonstrates mastery of the subject matter (explain the subject matter without relying solely on the prescribed textbook.)', 0),
(8, 2, 2, '', 'Draws and shares information on the state on the art of theory and practice in his/her discipline.', 0),
(9, 2, 3, '', 'Integrates subject to practical circumstances and learning intents/purposes of students.', 0),
(10, 2, 4, '', 'Explains the relevance of present topics to the previous lessons, and relates the subject matter to relevant current issues and/or daily life activities.', 0),
(11, 2, 5, '', 'Demonstrate up-to-date knowledge and/or awareness on current trends and issues of the subject.', 0),
(12, 3, 1, '', 'Creates teaching strategies that allows students to practice using concepts they need to understand (interactive discussion)', 0),
(13, 3, 2, '', 'Enhances student self-esteem and/or gives due recognition to student\'s performance/potential.', 0),
(14, 3, 3, '', 'Allow students to create their course with objectives and realistically defined student-professor rules and make them accountable for their performance.', 0),
(15, 3, 4, '', 'Allows students to think independently and make their own decisions and holding them accountable for their performance based largely on their success in executing decisions.', 0),
(16, 3, 5, '', 'Encourage students to learn beyond what is required and helps/guides the students how to apply the concepts learned.', 0),
(17, 4, 1, '', 'Creates opportunities to intensive and/or extensive contribution of students in the class activities(e.g breaks class into dyads, triads or buzz/task group). ', 0),
(18, 4, 2, '', 'Assumes roles as facilitator, resource person, coach, inquisitor, integrator, referee in drawing students to contribute to knowledge and understanding of the concepts at hands.', 0),
(19, 4, 3, '', 'Designs and implement learning conditions and experience that promotes healthy exchange and/or confrontation.', 0),
(20, 4, 4, '', 'Structures/re-structures learning and teaching context to enhance attainment of collective learning objectives.', 0),
(21, 4, 5, '', 'Uses instructional Materials (audio/video materials, fieldtrips, film showing, computer aided instruction and etc.) to reinforce learning processes. ', 0);

-- --------------------------------------------------------

--
-- Table structure for table `students`
--

CREATE TABLE `students` (
  `id` int(11) NOT NULL,
  `idno` varchar(60) NOT NULL,
  `fname` varchar(60) NOT NULL,
  `mname` varchar(60) NOT NULL,
  `lname` varchar(60) NOT NULL,
  `course` varchar(60) NOT NULL,
  `courseID` int(11) NOT NULL,
  `yr_lvl` varchar(10) NOT NULL,
  `isVoted` tinyint(4) NOT NULL DEFAULT 0,
  `status` tinyint(4) NOT NULL DEFAULT 1
) ENGINE=MyISAM DEFAULT CHARSET=latin1;

--
-- Dumping data for table `students`
--

INSERT INTO `students` (`id`, `idno`, `fname`, `mname`, `lname`, `course`, `courseID`, `yr_lvl`, `isVoted`, `status`) VALUES
(6, '2021-00209', 'Glazyl ', 'B.', 'Pegte', 'BSCS', 0, '43A', 0, 1),
(7, '2020-00234', 'Menchie', 'P.', 'Alindao', 'BSCS', 1, '4', 0, 1),
(8, '2021-00179', 'Regan ', 'M. ', 'Pareja ', 'BSCS', 0, '3A', 0, 1),
(9, '2021-00010', 'Mark Anthony', 'N.', 'Dano', 'BSCS', 0, '3A', 0, 1),
(10, '2021-0087', 'Eryka Joely', 'A. ', 'Dechosa', 'BSCS', 0, '3A', 0, 1),
(11, '2021-01017', 'Dona ', 'B. ', 'Catuburan ', 'BSCS', 0, '3A', 0, 1),
(12, '2014-02797', 'Ronald ', 'M. ', 'Macias ', 'BSCS', 1, '', 0, 1),
(13, '2021-00806', 'Ramel', 'L. ', 'Ronda', 'BSCS', 0, '3A', 0, 1),
(14, '2021-01022', 'Arjelyn', 'T. ', 'Dela Torre', 'BSCS', 0, '3A', 0, 1),
(15, '2021-00024', 'Jode', 'D. ', 'David', 'BSCS', 0, '3A', 0, 1),
(16, '2021-00088', 'Sander', 'L.', 'Cahulugan', 'BSCS', 0, '3A', 0, 1),
(17, '2020-01278', 'Gregory Joseph ', 'G. ', 'Febra', 'BSCS', 0, '3A', 0, 1),
(18, '2021-01021', 'Cricedine', 'P.', 'Penaranda', 'BSCS', 0, '3A', 0, 1),
(19, '2021-01069', 'Tanshie Lyka', 'D.', 'Soriano', 'BSCS', 0, '3A', 0, 1),
(20, '2021-00294', 'Jessica Reshelle', 'B.', 'Naraja', 'BSCS', 0, '3A', 0, 1),
(21, '2019-02152', 'Client Joseph ', 'S.', 'Leyson', 'BSCS', 0, '3A', 0, 1),
(22, '2020-00883', 'Shekinah Faith', 'C.', 'Manlimos', 'BSCS', 0, '3A', 0, 1),
(23, '2021-00806', 'Rinie', 'B.', 'Tandugon', 'BSCS', 0, '3A', 0, 1),
(24, '2021-01098', 'Fatima Claudale', 'V.', 'Delima', 'BSCS', 0, '3A', 0, 1),
(25, '2021-01097', 'Shella', 'F.', 'Nayal ', 'BSCS', 0, '3A', 0, 1),
(26, '2022-00429', 'Che-Fatima', 'C.', 'Casanova', 'BSCE', 0, '2A', 0, 1),
(27, '2022-00360', 'Andrea Shanelle', 'S.', 'Riego', 'BSCE', 0, '2A', 0, 1),
(28, '2022-00070', 'John Lorenze', 'L.', 'Bacol', 'BSCE', 0, '2A', 0, 1),
(29, '2022-00666', 'Harry Wells', 'T.', 'Murillo', 'BSCE', 0, '2A', 0, 1),
(30, '2022-00011', 'Kenith', 'B.', 'Murillo', 'BSCE', 0, '2A', 0, 1),
(31, '2022-00006', 'John Rafael', 'G.', 'Ontong', 'BSCE', 0, '2A', 0, 1),
(32, '2022-00856', 'Debbie Jane', 'B.', 'Liquido', 'BSCE', 0, '2A', 0, 1),
(33, '2022-00505', 'Eldrin Kim Francis', 'T.', 'Melis', 'BSCE', 0, '2A', 0, 1),
(34, '2022-00854', 'Aeron', 'C.', 'Maarat', 'BSCE', 0, '2A', 0, 1),
(35, '2022-00306', 'John Carl', 'L.', 'Macabuhay', 'BSCE', 0, '2A', 0, 1),
(36, '2022-00928', 'Wensie', 'C.', 'Duran', 'BSCE', 0, '2A', 0, 1),
(37, '2022-00347', 'Charlemagne', 'M.', 'Mapoy', 'BSCE', 0, '2A', 0, 1),
(38, '2022-00036', 'Reezen', 'C.', 'Camacho', 'BSCE', 0, '2A', 0, 1),
(39, '2022-00330', 'Emely Grace', 'F.', 'Borja', 'BSCE', 0, '2A', 0, 1),
(40, '2021-00660', 'Benn Joshua', 'E.', 'Mausisa', 'BSEE', 0, '3A', 0, 1),
(41, '2021- 00714', 'LJ Josh', 'L.', 'Villacorta', 'BSEE', 0, '3A', 0, 1),
(42, '2021-00741', ' Abegail Joyce', 'D.', 'Belsondra', 'BSEE', 0, '3A', 0, 1),
(43, '2021-00580', 'Erick John', 'J.', 'Preciosa', 'BSEE', 0, '3A', 0, 1),
(44, '2021-00742', 'Jhon Romer', 'B.', 'Ellar', 'BSEE', 0, '3A', 0, 1),
(45, '2021-01055', 'Fronel ', 'D.', 'Rivas', 'BSEE', 0, '3A', 0, 1),
(46, '2021-00637', 'Alfred Lee', 'G.', 'Leonardo', 'BSEE', 0, '3A', 0, 1),
(47, '2021-00691', 'Alan Dale', 'Q.', 'Naparota', 'BSEE', 0, '3A', 0, 1),
(48, '2021-00888', 'Niel Carl', 'J.', 'Ortua', 'BSEE', 0, '3A', 0, 1),
(49, '2021-00857', 'Eowyn ', 'S.', 'Tan', 'BSEE', 0, '3A', 0, 1),
(50, '2021-00618', 'Ronald', 'U.', 'Del Carmen', 'BSEE', 0, '3A', 0, 1),
(51, '2021-00649', 'Franklin ', 'A', 'Pojadas', 'BSEE', 0, '3A', 0, 1),
(52, '2021-00759', 'Christine Jane', 'G.', 'Galo', 'BSEE', 0, '3A', 0, 1),
(53, '2021-00653', 'Rosejane ', 'M.', 'Cobol', 'BSEE', 0, '3A', 0, 1),
(54, '2021-00537', 'Rupert Regie', 'U.', 'Tortal', 'BSEE', 0, '3A', 0, 1),
(55, '2021-00668', 'Danilo ', 'L.', 'Cadaa', 'BSEE', 0, '3A', 0, 1),
(56, '2021-00801', 'Clyde Mark', 'L.', 'Rivera', 'BSEE', 0, '3A', 0, 1),
(57, '2021-00703', 'Nicole Jay', 'J.', 'Villalobos', 'BSEE', 0, '3A', 0, 1),
(58, '2021-00640', 'Kenjie ', 'P.', 'Dalagan', 'BSEE', 0, '3A', 0, 1),
(59, '2021-00727', 'Ricardo ', 'C.', 'Vicente', 'BSEE', 0, '3A', 0, 1),
(60, '2021- 00648', 'Christian ', 'V.', 'Abandula', 'BSEE', 0, '3A', 0, 1),
(61, '2021-00737', 'Nichole Kaila', 'O.', 'Quioco', 'BSEE', 0, '3A', 0, 1),
(62, '2021-00646', 'Rommel ', 'T.', 'Gavino', 'BSEE', 0, '3A', 0, 1),
(63, '2021-00666', 'Dominic ', 'L.', 'Gilles', 'BSEE', 0, '3A', 0, 1),
(64, '2015-03450', 'Walter ', '', 'Yorong', 'BSEE', 0, '3A', 0, 1),
(65, '2020-00237', 'Mechaelah', 'M.', 'Famador', 'BSCS', 1, '4', 0, 1),
(66, '2020-01251', 'Rayjewel', 'A.', 'Tampus', 'BSCS', 1, '4', 0, 1),
(67, '2020-00314', 'Shara Mae ', 'B.', 'Predog', 'BSCS', 1, '4', 0, 1),
(68, '2020-00543', 'Lea June', 'S.', 'Alamazan', 'BSCS', 1, '4', 0, 1),
(69, '2020-01158', 'Maryligeneth', '', 'Cagula', 'BSCS', 0, '4A', 0, 1),
(70, '2020-00092', 'Daniel', 'D', 'Estrada', 'BSCS', 1, '4', 0, 1),
(71, '2020-00925', 'Mary Ligeleen ', 'S', 'Cagula', 'BSCS', 1, '4', 0, 1),
(72, '2020-01271', 'Divine Grace', 'A', 'Aclan', 'BSCS', 1, '4', 0, 1),
(73, '2020-00545', 'Alyssa Marie', 'Q', 'Cabahug', 'BSCS', 1, '4', 0, 1),
(74, '2020-00123', 'Juan', 'Dela', 'Cruz', 'BSCS', 1, '4', 0, 1),
(75, '2020-00124', 'Juana', 'Dela', 'Cruz', 'BSCS', 0, '1', 0, 1),
(76, '2020-00001', 'Maria', 'A', 'Clara', '', 1, '4', 0, 1),
(77, '', '', '', '', '', 0, '', 0, 1);

-- --------------------------------------------------------

--
-- Table structure for table `subjects`
--

CREATE TABLE `subjects` (
  `subID` int(11) NOT NULL,
  `subCode` varchar(20) NOT NULL,
  `title` varchar(150) NOT NULL,
  `status` tinyint(4) NOT NULL DEFAULT 1
) ENGINE=MyISAM DEFAULT CHARSET=latin1;

--
-- Dumping data for table `subjects`
--

INSERT INTO `subjects` (`subID`, `subCode`, `title`, `status`) VALUES
(6, 'CS-311', 'Application Development & Emerging Technologies ', 0),
(7, 'CS-411', 'Thesis Writing 2 ', 0),
(8, 'CS 412', 'Social Issues and Professional Practices ', 0),
(9, 'CS 413', 'Networks and Communications ', 0),
(10, 'CS 414', 'Geographical Information System', 0),
(11, 'GE Art App ', 'Art Appreciation', 0),
(12, 'GE Rizal', 'Life and Works of Rizal ', 0),
(13, 'CS 312 ', 'Automata Theory and Formal Languages', 0),
(14, 'CS 313', 'Information Assurance and Security ', 0),
(15, 'CS 314', 'Software Engineering 1', 0),
(16, 'CS 315', 'Elective 2 (Intelligent System)', 0),
(17, 'CS 316', 'Quantitative Methods (incldg. Modeling & Simulation)', 0),
(18, 'CS 211', 'Discrete Structures 2', 0),
(19, 'CS 212', 'Elective 1 (Graphics & Visual Computing)', 0),
(20, 'CS 213', 'Algorithms and Complexity', 0),
(21, 'CS 214', 'Research Methods in Computer Science', 0),
(22, 'GE ENVISCI', 'Environmental Science', 0),
(23, 'GE STS', 'Science, Technology and Society', 0),
(24, 'ITE 211', 'Data Structures and Algorithms', 0),
(25, 'PE 3 (PATHFIT 3)', 'Choice of Dance, Sports, Martial Arts, Group Exercise, Outdoor and Adventure Activities', 0),
(26, 'GE LITE 1', 'Living in the IT Era', 0),
(27, 'GE Math', 'Mathematics in the Modern World', 0),
(28, 'GE U-self ', 'Understanding the Self ', 0),
(29, 'ITE 111 ', 'Introduction to Computing ', 0),
(30, 'ITE 112', 'Computer Programming 1 (Fundamentals of Programming)', 0),
(31, 'Math Plus ', 'Pre Calculus', 0),
(32, 'NSTP 1', 'National Service Training Program 1', 0),
(33, 'PE 1', 'Physical Fitness and Health', 0),
(34, 'IT 311', 'System Analysis & Design ', 0),
(35, 'IT 312', 'Networking 2', 0),
(36, 'IT 313', 'System Integration and Architecture 1', 0),
(37, 'IT 314', 'Advanced Database System', 0),
(38, 'IT 315', 'Integrative Programming and Technologies 2 ', 0),
(39, 'ITE 316', 'Animation and Game Development ', 0),
(40, 'ES 261', 'Fundamentals of Deformable Bodies ', 0),
(41, 'ECE 371', 'Logic Circuits and Switching Theory ', 0),
(42, 'EE 311', 'Industrial Electronics', 0),
(43, 'MATH 113', 'Differential Equations ', 0),
(44, 'MATH 114', 'Engineering Data Analysis ', 0),
(45, 'CS 321', 'Programming Languages ', 0),
(46, 'CS 322', 'Thesis Writing 1 ', 0),
(47, 'CS 323', 'Software Engineering 2', 0),
(48, 'CS 324', 'Elective 3 ( Parallel & Distributed Computing)', 0),
(49, 'CS 325', 'Data Mining', 0),
(50, 'GE Eth ', 'Ethics ', 0),
(51, 'ITE 211', 'Data Structures and Algorithms ', 0),
(52, 'CS 211', 'Data Structures 2 ', 0),
(53, 'CS 212', 'Object Oriented Programming ', 0),
(54, 'CS 213', 'Human Computer Interaction ', 0),
(55, 'GE ENVISCI', 'Environmental Science ', 0),
(56, 'GE STS ', 'Science Technology and Society ', 0),
(57, 'PE 3', 'Individual & Dual Sports ', 0),
(58, 'NSTP 2 ', 'National  Service Training  Program 2 ', 0),
(59, 'ITE 221', 'Information Management ', 0),
(60, 'CS 221', 'Algorithms and Complexity', 0),
(61, 'CS 223', 'Elective 1 (Graphics & Visual Computing) ', 0),
(62, 'CS 222', 'Architecture and Organization', 0),
(63, 'CS 224', 'Operating System ', 0),
(64, 'PE 4', 'Team Sports ', 0),
(65, 'CS 121 ', 'Discrete Structures 1', 0),
(66, 'MATH 121', 'Basic Calculus ', 0),
(67, 'CS 121', 'Discrete Structures 1', 0),
(68, '', '', 1),
(69, 'PE 2 ', 'Rhythmic Activities ', 0),
(70, 'GE ENTREP ', 'The Entrepreneurial ', 0),
(71, 'ITE 121', 'Intermediate Programming ', 0),
(72, 'GE PURCOMM', 'Purposive Communication ', 0),
(73, 'GE HIST', 'Readings in Phil. History', 0),
(74, 'GE CONWORLD', 'The Contemporary World', 0);

-- --------------------------------------------------------

--
-- Table structure for table `users`
--

CREATE TABLE `users` (
  `userID` int(11) NOT NULL,
  `username` varchar(60) NOT NULL,
  `password` varchar(60) NOT NULL,
  `fname` varchar(60) NOT NULL,
  `mname` varchar(60) NOT NULL,
  `lname` varchar(60) NOT NULL,
  `isAdmin` tinyint(4) NOT NULL,
  `status` tinyint(4) NOT NULL DEFAULT 1
) ENGINE=MyISAM DEFAULT CHARSET=latin1;

--
-- Dumping data for table `users`
--

INSERT INTO `users` (`userID`, `username`, `password`, `fname`, `mname`, `lname`, `isAdmin`, `status`) VALUES
(1, 'admin', '21232f297a57a5a743894a0e4a801fc3', 'admin', 'admin', 'admin', 1, 1);

--
-- Indexes for dumped tables
--

--
-- Indexes for table `ballot`
--
ALTER TABLE `ballot`
  ADD PRIMARY KEY (`id`);

--
-- Indexes for table `blocksections`
--
ALTER TABLE `blocksections`
  ADD PRIMARY KEY (`secID`);

--
-- Indexes for table `blocksections_details`
--
ALTER TABLE `blocksections_details`
  ADD PRIMARY KEY (`detailsID`);

--
-- Indexes for table `categories`
--
ALTER TABLE `categories`
  ADD PRIMARY KEY (`catID`);

--
-- Indexes for table `courses`
--
ALTER TABLE `courses`
  ADD PRIMARY KEY (`courseID`);

--
-- Indexes for table `evaluations`
--
ALTER TABLE `evaluations`
  ADD PRIMARY KEY (`id`);

--
-- Indexes for table `faculty`
--
ALTER TABLE `faculty`
  ADD PRIMARY KEY (`id`);

--
-- Indexes for table `questions`
--
ALTER TABLE `questions`
  ADD PRIMARY KEY (`id`);

--
-- Indexes for table `questions_details`
--
ALTER TABLE `questions_details`
  ADD PRIMARY KEY (`quesID`);

--
-- Indexes for table `students`
--
ALTER TABLE `students`
  ADD PRIMARY KEY (`id`);

--
-- Indexes for table `subjects`
--
ALTER TABLE `subjects`
  ADD PRIMARY KEY (`subID`);

--
-- Indexes for table `users`
--
ALTER TABLE `users`
  ADD PRIMARY KEY (`userID`);

--
-- AUTO_INCREMENT for dumped tables
--

--
-- AUTO_INCREMENT for table `ballot`
--
ALTER TABLE `ballot`
  MODIFY `id` int(11) NOT NULL AUTO_INCREMENT, AUTO_INCREMENT=601;

--
-- AUTO_INCREMENT for table `blocksections`
--
ALTER TABLE `blocksections`
  MODIFY `secID` int(11) NOT NULL AUTO_INCREMENT;

--
-- AUTO_INCREMENT for table `blocksections_details`
--
ALTER TABLE `blocksections_details`
  MODIFY `detailsID` int(11) NOT NULL AUTO_INCREMENT, AUTO_INCREMENT=462;

--
-- AUTO_INCREMENT for table `categories`
--
ALTER TABLE `categories`
  MODIFY `catID` int(11) NOT NULL AUTO_INCREMENT, AUTO_INCREMENT=5;

--
-- AUTO_INCREMENT for table `courses`
--
ALTER TABLE `courses`
  MODIFY `courseID` int(11) NOT NULL AUTO_INCREMENT, AUTO_INCREMENT=8;

--
-- AUTO_INCREMENT for table `evaluations`
--
ALTER TABLE `evaluations`
  MODIFY `id` int(11) NOT NULL AUTO_INCREMENT, AUTO_INCREMENT=7;

--
-- AUTO_INCREMENT for table `faculty`
--
ALTER TABLE `faculty`
  MODIFY `id` int(11) NOT NULL AUTO_INCREMENT, AUTO_INCREMENT=85;

--
-- AUTO_INCREMENT for table `questions`
--
ALTER TABLE `questions`
  MODIFY `id` int(11) NOT NULL AUTO_INCREMENT, AUTO_INCREMENT=22;

--
-- AUTO_INCREMENT for table `questions_details`
--
ALTER TABLE `questions_details`
  MODIFY `quesID` int(11) NOT NULL AUTO_INCREMENT, AUTO_INCREMENT=22;

--
-- AUTO_INCREMENT for table `students`
--
ALTER TABLE `students`
  MODIFY `id` int(11) NOT NULL AUTO_INCREMENT, AUTO_INCREMENT=78;

--
-- AUTO_INCREMENT for table `subjects`
--
ALTER TABLE `subjects`
  MODIFY `subID` int(11) NOT NULL AUTO_INCREMENT, AUTO_INCREMENT=75;

--
-- AUTO_INCREMENT for table `users`
--
ALTER TABLE `users`
  MODIFY `userID` int(11) NOT NULL AUTO_INCREMENT, AUTO_INCREMENT=2;
COMMIT;

/*!40101 SET CHARACTER_SET_CLIENT=@OLD_CHARACTER_SET_CLIENT */;
/*!40101 SET CHARACTER_SET_RESULTS=@OLD_CHARACTER_SET_RESULTS */;
/*!40101 SET COLLATION_CONNECTION=@OLD_COLLATION_CONNECTION */;
